Sun Dec 10 09:25:46 2016,test_title_two,68882,0.0111,no notes
Sun Dec 13 09:25:46 2016,title_t_4,68882,0.1920,note t4
Sun Dec 19 09:25:46 2016,title_t_10,68882,0.23748,note t10
Sun Dec 18 09:25:46 2016,title_t_9,68882,0.3294,note t9
Sun Dec 17 09:25:46 2016,title_t_8,68882,0.493,note t8
Sun Dec 11 09:25:46 2016,title_t_2,68882,0.5903,note t2
Sun Dec 14 09:25:46 2016,title_t_5,68882,0.6849,note t5
Sun Dec 15 09:25:46 2016,title_t_6,68882,0.73934,note t6
Sun Dec 16 09:25:46 2016,title_t_7,68882,0.8439,note t7
Sun Dec 12 09:25:46 2016,title_t_3,68882,0.9099,note t3
